,RTT_average,queue_delay_average,end2end_average,Loss_average,send_rate_average,delivery_rate_average
0,1168.2673076923077,0.0,1168.2673076923077,5.61125,25.799343076923076,18.030173076923077
