,RTT_average,queue_delay_average,end2end_average,Loss_average,send_rate_average,delivery_rate_average
0,267.25604838709677,0.0,267.25604838709677,2.2047177419354838,19.041060967741938,17.73421370967742
