,RTT_average,queue_delay_average,end2end_average,Loss_average,send_rate_average,delivery_rate_average
0,1227.9497098646034,0.0,1227.9497098646034,5.851837524177949,26.685089671179885,18.098510638297874
