,time,rtt,queue_delay,packet_loss,server_sending_rate,sending_rate_ewma,delivery_rate,bandwidth
0,1647351393.662,72.0,0.0,0.0,0.0,0.0,0.0,0.0
1,1647351393.75,87.0,0.0,0.0,15.92144,3.7315875,11.54,0.0
2,1647351393.836,85.0,0.0,0.0,10.544,5.328246679687499,12.7,0.0
3,1647351393.889,98.0,0.0,0.0,10.544,5.980215844726562,12.7,0.0
4,1647351393.972,82.0,0.0,0.0,10.544,7.049852756118774,10.6,0.0
5,1647351394.058,86.0,0.0,0.0,15.816,9.104418516403436,12.07,0.0
6,1647351394.141,81.0,0.0,0.0,10.544,9.441820426621382,12.91,0.0
7,1647351394.219,39.0,0.0,0.0,10.544,9.700143764131996,12.8,0.0
