,RTT_average,queue_delay_average,end2end_average,Loss_average,send_rate_average,delivery_rate_average
0,78.92358803986711,0.0,78.92358803986711,0.005537098560354375,17.146511512735326,17.385368217054264
