,RTT_average,queue_delay_average,end2end_average,Loss_average,send_rate_average,delivery_rate_average
0,54.86084756483238,53.16071597780328,108.02156354263566,0.0031625553447185324,12.697265275142316,12.187204301075269
