,RTT_average,queue_delay_average,end2end_average,Loss_average,send_rate_average,delivery_rate_average
0,39.19328859060403,22.111797012738734,61.30508560334276,0.003355704697986577,12.602305020134228,11.895953020134229
