,RTT_average,queue_delay_average,end2dend_average,Loss_average,send_rate_average,delivery_rate_average
0,66.99856733524355,154.78532908639116,221.7838964216347,0.0014326647564469914,12.436229661891117,11.69566475644699
