,RTT_average,queue_delay_average,end2end_average,Loss_average,send_rate_average,delivery_rate_average
0,37.583471416735705,51.50993865881464,89.09341007555035,0.002071251035625518,11.96866657829329,11.482004971002485
