,RTT_average,queue_delay_average,end2end_average,Loss_average,send_rate_average,delivery_rate_average
0,42.70860927152318,56.45279510658045,99.16140437810363,0.011037527593818985,14.543536777041941,11.721578366445916
