,RTT_average,queue_delay_average,end2dend_average,Loss_average,send_rate_average,delivery_rate_average
0,46.122776821572,158.29953686368924,204.42231368526123,0.001434308663224326,12.351937234652898,11.747292025243832
