,RTT_average,queue_delay_average,end2end_average,Loss_average,send_rate_average,delivery_rate_average
0,37.75916338786498,52.118831698902895,89.87799508676788,0.0020708221163802027,12.053096210395527,11.475181196935184
