,RTT_average,queue_delay_average,end2end_average,Loss_average,send_rate_average,delivery_rate_average
0,35.30681346073951,50.55261911274142,85.85943257348093,0.002077274615704196,11.976105857914416,11.486501869547155
