,RTT_average,queue_delay_average,end2end_average,Loss_average,send_rate_average,delivery_rate_average
0,134.01968503937007,693.2750827684177,827.2947678077878,0.03937007874015748,9.146615527559055,9.227874015748032
