,RTT_average,queue_delay_average,end2end_average,Loss_average,send_rate_average,delivery_rate_average
0,36.95262938230384,46.17131920609132,83.12394858839515,0.002086811352253756,11.060129874791318,10.983666527545909
