,RTT_average,queue_delay_average,end2dend_average,Loss_average,send_rate_average,delivery_rate_average
0,34.69447640966629,147.92732079915265,182.62179720881895,0.0014384349827387803,12.31232345224396,11.71063578826237
