,RTT_average,queue_delay_average,end2dend_average,Loss_average,send_rate_average,delivery_rate_average
0,50.02784156142365,157.15086590135138,207.17870746277504,0.0014351320321469576,12.355960895522387,11.764222158438574
