,RTT_average,queue_delay_average,end2end_average,Loss_average,send_rate_average,delivery_rate_average
0,37.21655656482246,52.948750758545145,90.16530732336761,0.002064409578860446,12.070511312964493,11.478069777043766
