,RTT_average,queue_delay_average,end2dend_average,Loss_average,send_rate_average,delivery_rate_average
0,47.240022805017105,158.62263220881655,205.86265501383366,0.0014253135689851768,12.371948460661343,11.701832953249715
