,RTT_average,queue_delay_average,end2dend_average,Loss_average,send_rate_average,delivery_rate_average
0,124.82825174825174,397.09983885705054,521.9280906053023,0.0013986013986013986,11.99993638041958,11.52916083916084
