,RTT_average,queue_delay_average,end2end_average,Loss_average,send_rate_average,delivery_rate_average
0,38.834162895927605,6.674387390257547,45.50855028618515,0.0022624434389140274,10.981239509502263,10.911128959276018
