,RTT_average,queue_delay_average,end2end_average,Loss_average,send_rate_average,delivery_rate_average
0,27.29027149321267,5.212835596697363,32.50310708991003,0.0022624434389140274,10.96965051402715,10.900058823529411
