,RTT_average,queue_delay_average,end2end_average,Loss_average,send_rate_average,delivery_rate_average
0,48.28736964078795,63.2298368429668,111.51720648375475,0.0028968713789107765,12.43605033603708,11.858557358053302
