,RTT_average,queue_delay_average,end2end_average,Loss_average,send_rate_average,delivery_rate_average
0,41.34051144010767,27.127713727116745,68.46822516722442,0.0033647375504710633,12.384260834454913,11.893283983849262
