,RTT_average,queue_delay_average,end2end_average,Loss_average,send_rate_average,delivery_rate_average
0,36.017585931255,44.50412143429787,80.52170736555287,0.003996802557953637,12.690801215027976,12.333093525179855
