,RTT_average,queue_delay_average,end2end_average,Loss_average,send_rate_average,delivery_rate_average
0,36.994300189993666,73.07822361560167,110.07252380559534,0.0031665611146295125,12.517323419886004,12.119658011399622
