,RTT_average,queue_delay_average,end2end_average,Loss_average,send_rate_average,delivery_rate_average
0,27.480151228733458,11.913435670964434,39.393586899697894,0.004725897920604915,11.741130661625709,11.353487712665407
