,RTT_average,queue_delay_average,end2end_average,Loss_average,send_rate_average,delivery_rate_average
0,35.84475172847266,74.12724372053356,109.97199544900622,0.0031426775612822125,12.602440980515398,12.110414833438089
