,RTT_average,queue_delay_average,end2end_average,Loss_average,send_rate_average,delivery_rate_average
0,38.77886836027714,64.37966372069255,103.15853208096969,0.002886836027713626,12.521201847575057,11.855583140877597
