,RTT_average,queue_delay_average,end2end_average,Loss_average,send_rate_average,delivery_rate_average
0,35.78497202238209,46.12014562391835,81.90511764630044,0.003996802557953637,12.689971031175059,12.242829736211032
