,RTT_average,queue_delay_average,end2end_average,Loss_average,send_rate_average,delivery_rate_average
0,26.782485875706215,11.72500815095201,38.50749402665822,0.004708097928436911,11.797196082862524,11.335395480225989
