,RTT_average,queue_delay_average,end2end_average,Loss_average,send_rate_average,delivery_rate_average
0,26.609184629803188,8.385913664756139,34.99509829455933,0.004686035613870665,11.989329034676663,11.449578256794751
