,RTT_average,queue_delay_average,end2end_average,Loss_average,send_rate_average,delivery_rate_average
0,46.4043956043956,205.45955857077797,251.86395417517357,0.003663003663003663,12.4614913992674,12.026776556776559
