,RTT_average,queue_delay_average,end2end_average,Loss_average,send_rate_average,delivery_rate_average
0,31.43489254108723,66.84809629293217,98.2829888340194,0.0031605562579013905,12.784896485461442,12.221188369152973
