,RTT_average,queue_delay_average,end2end_average,Loss_average,send_rate_average,delivery_rate_average
0,33.66628440366973,62.009921724643185,95.67620612831291,0.0028669724770642203,12.506864036697246,11.902201834862387
