,RTT_average,queue_delay_average,end2end_average,Loss_average,send_rate_average,delivery_rate_average
0,32.48190348525469,22.943456754607745,55.425360239862435,0.003351206434316354,12.564980107238606,12.024490616621984
