,RTT_average,queue_delay_average,end2end_average,Loss_average,send_rate_average,delivery_rate_average
0,31.16626115166261,44.78281818553866,75.94907933720127,0.0040551500405515,12.905514290348743,12.357250608272507
