,RTT_average,queue_delay_average,end2end_average,Loss_average,send_rate_average,delivery_rate_average
0,37.54516386890488,38.25351393384804,75.79867780275292,0.003996802557953637,13.129992070343725,12.318097521982413
