,RTT_average,queue_delay_average,end2end_average,Loss_average,send_rate_average,delivery_rate_average
0,29.059266227657574,4.985978439632499,34.04524466729007,0.004703668861712135,12.262288692380057,11.367450611476952
