,RTT_average,queue_delay_average,end2end_average,Loss_average,send_rate_average,delivery_rate_average
0,40.36600928074246,60.65230026599149,101.01830954673396,0.002900232018561485,12.773401252900232,11.772981438515083
