,RTT_average,queue_delay_average,end2end_average,Loss_average,send_rate_average,delivery_rate_average
0,58.34019886363637,208.6333039809357,266.97350284457207,0.0035511363636363635,12.359163920454545,11.968558238636366
