,RTT_average,queue_delay_average,end2end_average,Loss_average,send_rate_average,delivery_rate_average
0,36.601757944557136,32.19536674272538,68.79712468728252,0.0033806626098715348,13.167244137931032,12.394611223799863
