,RTT_average,queue_delay_average,end2end_average,Loss_average,send_rate_average,delivery_rate_average
0,35.79974651457541,74.0753090426949,109.87505555727031,0.0031685678073510772,12.591060329531054,12.18439163498099
