,RTT_average,queue_delay_average,end2end_average,Loss_average,send_rate_average,delivery_rate_average
0,43.45809601301872,29.55686163378499,73.01495764680371,0.0040683482506102524,12.791437070789259,12.31913751017087
