,RTT_average,queue_delay_average,end2end_average,Loss_average,send_rate_average,delivery_rate_average
0,113.95937961595273,167.4049265099417,281.3643061258944,0.003692762186115214,12.50663285081241,11.97357459379616
