,RTT_average,queue_delay_average,end2end_average,Loss_average,send_rate_average,delivery_rate_average
0,45.21391604370328,56.241918391643964,101.45583443534724,0.002875215641173088,12.472354870615296,11.867349051178838
