,RTT_average,queue_delay_average,end2end_average,Loss_average,send_rate_average,delivery_rate_average
0,27.07909604519774,10.416763201496247,37.49585924669399,0.004708097928436911,11.668922109227873,11.284962335216573
