,RTT_average,queue_delay_average,end2end_average,Loss_average,send_rate_average,delivery_rate_average
0,56.098449768471916,0.0,56.098449768471916,0.007046506945842561,23.849850823434668,23.985594926515002
