,RTT_average,queue_delay_average,end2end_average,Loss_average,send_rate_average,delivery_rate_average
0,68.33473782771536,0.0,68.33473782771536,0.011704119850187267,20.173359831460676,20.409070692883894
