,RTT_average,queue_delay_average,end2end_average,Loss_average,send_rate_average,delivery_rate_average
0,47.09407665505226,61.02379523087877,108.11787188593104,0.03484320557491289,10.371629602787458,10.305121951219514
