,RTT_average,queue_delay_average,end2end_average,Loss_average,send_rate_average,delivery_rate_average
0,42.00696055684455,69.64241545604166,111.64937601288621,0.02320185614849188,10.656123526682135,10.522737819025524
