,RTT_average,queue_delay_average,end2end_average,Loss_average,send_rate_average,delivery_rate_average
0,36.845021037868165,41.28813777030099,78.13315880816916,0.0070126227208976155,10.767344476858344,10.681998597475456
