,RTT_average,queue_delay_average,end2end_average,Loss_average,send_rate_average,delivery_rate_average
0,37.60521739130435,55.410599501236625,93.01581689254097,0.017391304347826087,10.922157259130435,10.82937391304348
