,RTT_average,queue_delay_average,end2end_average,Loss_average,send_rate_average,delivery_rate_average
0,31.829634931997138,32.64723185905834,64.47686679105547,0.0071581961345740875,10.75102735003579,10.719484609878311
