,RTT_average,queue_delay_average,end2end_average,Loss_average,send_rate_average,delivery_rate_average
0,27.086614173228348,48.67572859516294,75.76234276839129,0.0071581961345740875,10.756930771653543,10.70873299928418
