,RTT_average,queue_delay_average,end2end_average,Loss_average,send_rate_average,delivery_rate_average
0,35.01316685584563,11.294473936013818,46.30764079185945,0.0022701475595913734,10.967355120090806,10.940426787741202
