,RTT_average,queue_delay_average,end2end_average,Loss_average,send_rate_average,delivery_rate_average
0,29.873390557939913,19.20540240701176,49.078792964951674,0.00715307582260372,10.766260452074391,10.702210300429185
