,RTT_average,queue_delay_average,end2end_average,Loss_average,send_rate_average,delivery_rate_average
0,-1577328726.8638413,12.920702653924446,-1577328713.9431386,0.002254283137962128,10.95524160685302,10.920455365193869
