,RTT_average,queue_delay_average,end2end_average,Loss_average,send_rate_average,delivery_rate_average
0,29.468950749464668,52.103119522737316,81.57207027220198,0.007137758743754461,10.760175166309779,10.709800142755174
