,RTT_average,queue_delay_average,end2end_average,Loss_average,send_rate_average,delivery_rate_average
0,76.50105857445307,197.58300017368313,274.0840587481362,0.0035285815102328866,12.543592660550457,12.009760056457305
