,RTT_average,queue_delay_average,end2end_average,Loss_average,send_rate_average,delivery_rate_average
0,35.737231182795696,27.7707685706436,63.5079997534393,0.003360215053763441,12.536760806451612,11.869186827956987
