,RTT_average,queue_delay_average,end2end_average,Loss_average,send_rate_average,delivery_rate_average
0,56.89187279151943,203.2516386820655,260.1435114735849,0.0035335689045936395,12.539856791519433,12.093795053003532
