,RTT_average,queue_delay_average,end2end_average,Loss_average,send_rate_average,delivery_rate_average
0,38.10874542124542,20.066828245208377,58.1755736664538,0.0022893772893772895,10.937190076923079,10.890208333333334
