,RTT_average,queue_delay_average,end2end_average,Loss_average,send_rate_average,delivery_rate_average
0,29.02207053469852,17.44403231537247,46.46610285007099,0.0022753128555176336,10.968015186348124,10.902687144482366
