,RTT_average,queue_delay_average,end2end_average,Loss_average,send_rate_average,delivery_rate_average
0,29.813420992972116,5.2354069854418075,35.048827978413925,0.0022670596236681025,10.96610877714804,10.892244389027432
