,RTT_average,queue_delay_average,end2end_average,Loss_average,send_rate_average,delivery_rate_average
0,26.646549760874517,3.5545068513665647,30.201056612241082,0.002277385561375541,10.965086544295149,10.914538829423822
