,RTT_average,queue_delay_average,end2end_average,Loss_average,send_rate_average,delivery_rate_average
0,30.009697789806044,23.025310302995916,53.03500809280196,0.0022552999548940008,10.920709345963012,10.856673432566533
