,RTT_average,queue_delay_average,end2end_average,Loss_average,send_rate_average,delivery_rate_average
0,32.50601043320481,4.989585683956307,37.495596117161114,0.0022680880018144706,10.96141152188705,10.90431390337945
