,time,rtt,queue_delay,packet_loss,server_sending_rate,sending_rate_ewma,delivery_rate,bandwidth
0,1647351446.156,74.0,0.0,0.0,0.0,0.0,0.0,0.0
1,1647351446.246,88.0,0.0,0.0,15.92144,3.7315875,10.91,0.0
2,1647351446.328,80.0,0.0,0.0,10.544,5.328246679687499,13.74,0.0
3,1647351446.38,93.0,0.0,0.0,10.544,5.980215844726562,13.74,0.0
4,1647351446.467,85.0,0.0,0.0,10.544,7.049852756118774,9.86,0.0
5,1647351446.554,87.0,0.0,0.0,15.816,9.104418516403436,12.59,0.0
6,1647351446.639,83.0,0.0,0.0,10.544,9.441820426621382,12.28,0.0
7,1647351446.712,38.0,0.0,0.0,10.544,9.700143764131996,12.28,0.0
