,RTT_average,queue_delay_average,end2end_average,Loss_average,send_rate_average,delivery_rate_average
0,37.69515011547344,52.54753577516481,90.24268589063826,0.023094688221709007,10.616066605080832,10.527367205542726
