,RTT_average,queue_delay_average,end2end_average,Loss_average,send_rate_average,delivery_rate_average
0,38.64971098265896,45.32321533026723,83.97292631292619,0.011560693641618497,10.713283310982659,10.646867052023122
