,RTT_average,queue_delay_average,end2end_average,Loss_average,send_rate_average,delivery_rate_average
0,1227.188349514563,0.0,1227.188349514563,6.2179029126213585,26.820250718446605,18.102582524271845
