,RTT_average,queue_delay_average,end2end_average,Loss_average,send_rate_average,delivery_rate_average
0,827.359756097561,0.0,827.359756097561,5.690040650406504,21.941378211382112,18.054369918699187
